{
  "name": "aurelia-skeleton-navigation-typescript-aspnetcore",
  "dependencies": {
    "aurelia-binding": "github:aurelia/binding",
    "aurelia-bootstrapper": "github:aurelia/bootstrapper",
    "aurelia-dependency-injection": "github:aurelia/dependency-injection",
    "aurelia-event-aggregator": "github:aurelia/event-aggregator",
    "aurelia-fetch-client": "github:aurelia/fetch-client",
    "aurelia-framework": "github:aurelia/framework",
    "aurelia-history": "github:aurelia/history",
    "aurelia-history-browser": "github:aurelia/history-browser",
    "aurelia-loader": "github:aurelia/loader",
    "aurelia-logging": "github:aurelia/logging",
    "aurelia-logging-console": "github:aurelia/logging-console",
    "aurelia-metadata": "github:aurelia/metadata",
    "aurelia-pal": "github:aurelia/pal",
    "aurelia-pal-browser": "github:aurelia/pal-browser",
    "aurelia-path": "github:aurelia/path",
    "aurelia-polyfills": "github:aurelia/polyfills",
    "aurelia-route-recognizer": "github:aurelia/route-recognizer",
    "aurelia-router": "github:aurelia/router",
    "aurelia-task-queue": "github:aurelia/task-queue",
    "aurelia-templating": "github:aurelia/templating",
    "aurelia-templating-binding": "github:aurelia/templating-binding",
    "aurelia-templating-resources": "github:aurelia/templating-resources",
    "aurelia-templating-router": "github:aurelia/templating-router"
  },
  "globalDevDependencies": {
    "angular-protractor": "registry:dt/angular-protractor#1.5.0+20160425143459",
    "aurelia-protractor": "github:aurelia/typings/dist/aurelia-protractor.d.ts",
    "jasmine": "registry:dt/jasmine#2.2.0+20160505161446",
    "selenium-webdriver": "registry:dt/selenium-webdriver#2.44.0+20160317120654"
  },
  "globalDependencies": {
    "url": "github:aurelia/fetch-client/doc/url.d.ts#bbe0777ef710d889a05759a65fa2c9c3865fc618",
    "whatwg-fetch": "registry:dt/whatwg-fetch#0.0.0+20160524142046"
  }
}
